item_id,order_id,product_name,quantity,price
1,1001,Gloves,4,256.44
2,1001,Cap,4,195.33
3,1002,Bag,3,35.04
4,1002,Cap,3,81.14
5,1003,Jacket,3,35.4
6,1003,Shoes,1,165.27
7,1004,Cap,2,63.77
8,1004,Gloves,3,11.77
9,1004,Cap,1,250.52
10,1005,Socks,1,232.53
11,1005,Perfume,3,151.32
12,1006,Cap,2,189.19
13,1006,Perfume,1,138.9
14,1006,Shirt,2,92.85
15,1007,Watch,3,113.54
16,1007,Watch,4,263.86
17,1008,Gloves,1,211.21
18,1009,Perfume,2,288.9
19,1009,Shirt,4,176.18
20,1010,Perfume,2,80.19
21,1010,Socks,3,268.33
22,1010,Jacket,3,241.04
23,1010,Gloves,2,173.69
24,1011,Bag,4,156.07
25,1011,Shirt,1,138.68
26,1012,Gloves,2,164.88
27,1012,Perfume,4,61.09
28,1012,Shoes,4,259.59
29,1013,Cap,2,278.9
30,1014,Perfume,1,28.59
31,1014,Perfume,4,122.08
32,1014,Perfume,4,118.85
33,1015,Shirt,1,45.97
34,1016,Cap,1,230.6
35,1016,Bag,1,188.84
36,1016,Socks,4,270.77
37,1017,Watch,1,199.18
38,1017,Bag,1,67.89
39,1017,Jacket,3,135.05
40,1017,Cap,4,191.82
41,1018,Gloves,3,209.71
42,1019,Belt,4,134.14
43,1019,Watch,3,137.33
44,1019,Jacket,2,163.9
45,1019,Bag,4,275.01
46,1020,Shoes,4,230.56
47,1021,Socks,1,24.21
48,1021,Jacket,1,184.66
49,1022,Jacket,3,244.7
50,1022,Belt,2,64.13
51,1022,Jacket,2,106.57
52,1022,Gloves,3,32.7
53,1023,Shoes,2,39.18
54,1023,Perfume,2,298.01
55,1023,Jacket,1,131.36
56,1024,Jacket,2,260.1
57,1024,Perfume,1,253.93
58,1024,Cap,1,251.19
59,1025,Socks,2,62.01
60,1025,Cap,3,150.77
61,1025,Jacket,1,65.77
62,1025,Jacket,4,238.7
63,1026,Cap,4,157.76
64,1026,Gloves,1,285.92
65,1026,Cap,4,149.26
66,1027,Cap,1,131.46
67,1027,Watch,3,45.09
68,1028,Jacket,4,55.99
69,1028,Socks,2,181.57
70,1029,Jacket,4,33.49
71,1029,Perfume,2,228.13
72,1030,Shoes,3,217.44
73,1030,Bag,4,83.2
74,1030,Belt,3,58.4
75,1031,Perfume,3,242.01
76,1031,Belt,3,258.6
77,1031,Bag,3,20.54
78,1032,Perfume,3,280.55
79,1033,Belt,4,21.77
80,1033,Cap,2,88.71
81,1034,Shirt,4,34.23
82,1035,Shoes,4,198.44
83,1035,Gloves,3,202.19
84,1035,Gloves,2,120.14
85,1036,Perfume,4,16.08
86,1036,Jacket,2,192.77
87,1037,Belt,4,186.5
88,1037,Cap,2,130.91
89,1037,Cap,3,217.7
90,1037,Belt,1,202.47
91,1038,Gloves,1,203.39
92,1038,Watch,2,61.78
93,1039,Shoes,1,177.31
94,1039,Belt,2,79.33
95,1040,Shoes,3,69.75
96,1040,Jacket,3,150.16
97,1040,Shoes,4,50.1
98,1040,Socks,4,63.67
99,1041,Cap,1,274.92
100,1041,Socks,1,25.68
101,1042,Perfume,2,237.52
102,1042,Belt,1,215.24
103,1042,Belt,4,273.43
104,1043,Cap,4,187.99
105,1043,Shirt,4,116.86
106,1043,Socks,1,191.23
107,1043,Cap,1,53.8
108,1044,Shirt,1,55.68
109,1044,Gloves,4,199.75
110,1044,Belt,3,241.67
111,1045,Shoes,1,154.35
112,1045,Cap,4,232.54
113,1045,Shoes,4,115.94
114,1046,Perfume,3,32.11
115,1047,Belt,1,96.89
116,1048,Watch,3,248.88
117,1049,Gloves,2,173.33
118,1049,Cap,3,141.68
119,1050,Gloves,2,105.0
120,1051,Belt,3,19.38
121,1052,Gloves,1,65.29
122,1052,Watch,1,25.42
123,1052,Belt,1,92.01
124,1052,Shirt,4,108.48
125,1053,Socks,2,291.07
126,1054,Socks,4,151.82
127,1054,Gloves,4,166.74
128,1055,Cap,1,165.74
129,1055,Bag,1,198.41
130,1056,Shoes,3,109.32
131,1056,Jacket,3,109.93
132,1056,Gloves,1,212.77
133,1056,Gloves,2,29.28
134,1057,Watch,4,218.66
135,1057,Watch,4,187.59
136,1058,Bag,3,197.84
137,1058,Socks,3,224.44
138,1058,Socks,4,55.0
139,1059,Perfume,1,105.4
140,1059,Shirt,2,30.46
141,1060,Perfume,1,281.68
142,1061,Shoes,2,76.4
143,1061,Socks,1,33.47
144,1062,Cap,3,222.49
145,1063,Socks,3,162.58
146,1063,Bag,3,177.66
147,1064,Gloves,3,61.48
148,1064,Shoes,1,82.1
149,1064,Cap,1,35.44
150,1064,Jacket,4,196.61
151,1065,Gloves,1,95.76
152,1066,Cap,3,274.8
153,1066,Cap,2,224.88
154,1066,Bag,2,14.03
155,1066,Watch,4,66.75
156,1067,Jacket,3,270.94
157,1067,Gloves,1,138.68
158,1067,Jacket,3,147.88
159,1067,Socks,3,185.58
160,1068,Bag,1,12.34
161,1068,Shoes,2,245.02
162,1069,Gloves,4,40.91
163,1069,Socks,3,295.72
164,1069,Bag,3,298.19
165,1070,Cap,3,225.85
166,1070,Watch,4,214.74
167,1071,Shoes,3,40.49
168,1071,Bag,2,191.27
169,1072,Shirt,1,11.38
170,1072,Shoes,3,58.49
171,1072,Cap,3,176.09
172,1073,Socks,4,258.95
173,1073,Cap,2,128.79
174,1073,Bag,2,276.16
175,1074,Cap,4,265.5
176,1074,Gloves,3,234.1
177,1074,Socks,4,283.44
178,1074,Perfume,3,145.18
179,1075,Belt,1,261.77
180,1075,Watch,3,93.14
181,1075,Socks,2,108.97
182,1076,Shirt,1,196.87
183,1076,Belt,3,202.15
184,1076,Gloves,2,93.07
185,1076,Gloves,2,59.64
186,1077,Bag,3,45.99
187,1078,Socks,4,193.46
188,1078,Shirt,1,28.94
189,1078,Shoes,2,67.01
190,1078,Cap,2,270.51
191,1079,Cap,1,191.9
192,1079,Belt,1,166.77
193,1080,Cap,3,56.66
194,1080,Perfume,3,276.3
195,1081,Watch,1,129.99
196,1081,Cap,2,179.43
197,1082,Socks,1,58.51
198,1082,Bag,4,296.74
199,1082,Shirt,1,74.83
200,1082,Shirt,1,41.96
201,1083,Jacket,4,263.55
202,1084,Cap,2,188.02
203,1084,Jacket,3,140.89
204,1085,Belt,1,166.88
205,1085,Socks,1,281.99
206,1086,Bag,2,159.02
207,1086,Gloves,3,206.68
208,1086,Watch,2,73.47
209,1086,Socks,3,242.09
210,1087,Shoes,4,214.75
211,1087,Cap,4,161.91
212,1087,Perfume,1,293.3
213,1087,Shoes,2,276.76
214,1088,Shirt,3,70.58
215,1089,Socks,4,295.25
216,1090,Shirt,2,262.02
217,1091,Gloves,4,90.24
218,1092,Jacket,1,145.63
219,1092,Shirt,1,281.95
220,1092,Jacket,4,183.41
221,1092,Belt,2,78.08
222,1093,Perfume,3,177.43
223,1093,Bag,2,200.66
224,1093,Shirt,3,298.17
225,1094,Cap,3,159.14
226,1095,Perfume,2,173.67
227,1095,Shirt,2,71.1
228,1095,Socks,2,158.25
229,1096,Cap,1,143.14
230,1096,Watch,1,145.64
231,1096,Gloves,2,117.93
232,1097,Belt,2,178.81
233,1098,Cap,3,111.13
234,1099,Shoes,2,178.05
235,1099,Shoes,4,133.56
236,1099,Jacket,1,158.06
237,1100,Bag,2,173.09
238,1101,Shoes,3,216.69
239,1101,Belt,3,98.1
240,1102,Bag,1,257.59
241,1103,Perfume,4,224.15
242,1103,Cap,4,23.01
243,1103,Jacket,1,195.81
244,1104,Gloves,4,281.59
245,1105,Shirt,3,290.19
246,1105,Socks,2,171.7
247,1106,Cap,4,237.61
248,1107,Shirt,3,210.85
249,1107,Perfume,2,155.99
250,1107,Shoes,4,156.06
251,1108,Gloves,3,260.01
252,1108,Shirt,3,60.69
253,1109,Shoes,2,19.71
254,1110,Cap,3,108.62
255,1111,Bag,2,276.61
256,1111,Bag,1,274.08
257,1111,Bag,3,143.54
258,1111,Watch,2,258.64
259,1112,Shoes,3,228.87
260,1112,Socks,4,267.78
261,1112,Perfume,3,30.74
262,1113,Shoes,4,41.0
263,1114,Perfume,2,176.94
264,1114,Gloves,1,245.89
265,1114,Shoes,3,155.23
266,1114,Watch,4,33.77
267,1115,Socks,2,259.64
268,1115,Bag,1,166.5
269,1115,Socks,2,105.85
270,1116,Perfume,3,44.78
271,1116,Cap,3,33.0
272,1117,Perfume,1,205.73
273,1117,Shoes,3,223.3
274,1118,Shirt,1,59.83
275,1118,Bag,4,43.66
276,1119,Bag,1,151.31
277,1120,Shoes,4,179.19
278,1120,Gloves,1,255.03
279,1120,Shoes,4,10.14
280,1121,Shirt,4,66.59
281,1121,Watch,3,71.56
282,1122,Gloves,2,282.09
283,1122,Jacket,1,162.89
284,1123,Shirt,2,285.88
285,1124,Perfume,4,80.2
286,1125,Perfume,1,168.21
287,1126,Gloves,1,65.95
288,1126,Socks,2,141.38
289,1126,Socks,1,170.43
290,1127,Jacket,4,20.61
291,1127,Perfume,3,190.09
292,1127,Socks,2,26.6
293,1128,Perfume,4,181.38
294,1129,Shirt,3,75.92
295,1130,Gloves,3,69.08
296,1130,Bag,1,236.78
297,1130,Bag,4,48.07
298,1130,Shirt,1,25.36
299,1131,Perfume,1,114.31
300,1131,Belt,2,46.72
301,1132,Shirt,3,240.47
302,1132,Perfume,3,103.42
303,1132,Socks,1,29.52
304,1133,Bag,4,226.96
305,1133,Jacket,4,18.37
306,1134,Belt,3,156.77
307,1134,Shoes,3,20.76
308,1134,Watch,4,288.75
309,1134,Shirt,2,116.43
310,1135,Jacket,3,175.6
311,1135,Watch,4,257.01
312,1136,Shirt,3,299.57
313,1136,Watch,2,195.42
314,1136,Shirt,2,276.72
315,1137,Watch,4,52.55
316,1137,Cap,1,107.8
317,1137,Jacket,2,69.38
318,1138,Socks,3,133.46
319,1138,Shirt,1,37.58
320,1138,Cap,4,82.32
321,1138,Gloves,4,125.03
322,1139,Perfume,4,175.36
323,1139,Belt,4,256.33
324,1139,Gloves,3,232.85
325,1139,Shoes,2,237.19
326,1140,Perfume,1,148.42
327,1140,Belt,2,292.53
328,1140,Watch,1,84.53
329,1140,Shoes,3,146.07
330,1141,Belt,4,155.32
331,1142,Gloves,2,250.16
332,1143,Cap,1,134.25
333,1144,Cap,4,247.27
334,1145,Bag,4,218.4
335,1145,Shirt,1,49.75
336,1145,Shirt,1,227.81
337,1146,Belt,2,37.42
338,1147,Cap,3,149.45
339,1147,Gloves,4,182.31
340,1147,Cap,3,295.42
341,1148,Shirt,2,207.52
342,1149,Jacket,1,229.33
343,1149,Shirt,3,91.73
344,1149,Shirt,2,134.96
345,1149,Cap,2,291.83
346,1150,Cap,3,43.27
347,1150,Shoes,4,199.98
348,1150,Cap,1,206.6
349,1151,Jacket,1,92.46
350,1151,Watch,3,267.94
351,1151,Jacket,2,79.58
352,1152,Jacket,3,287.74
353,1152,Cap,4,10.67
354,1153,Watch,4,244.4
355,1154,Bag,2,74.89
356,1154,Perfume,2,111.59
357,1155,Bag,2,156.62
358,1156,Watch,1,221.93
359,1157,Gloves,4,13.87
360,1157,Watch,3,167.22
361,1157,Jacket,1,194.69
362,1157,Watch,4,110.66
363,1158,Socks,3,17.14
364,1158,Cap,2,11.35
365,1158,Gloves,3,78.08
366,1158,Socks,1,47.68
367,1159,Cap,3,183.27
368,1159,Shoes,4,117.14
369,1160,Watch,1,38.93
370,1161,Belt,2,263.41
371,1161,Perfume,1,111.15
372,1161,Belt,2,147.61
373,1162,Watch,1,112.93
374,1162,Socks,3,108.14
375,1162,Gloves,1,16.7
376,1163,Socks,1,127.26
377,1164,Belt,2,195.18
378,1164,Bag,3,198.09
379,1165,Cap,1,198.64
380,1166,Shoes,4,206.58
381,1166,Cap,4,45.31
382,1166,Bag,1,33.41
383,1166,Gloves,1,155.24
384,1167,Bag,1,212.41
385,1168,Shoes,4,169.98
386,1168,Gloves,1,58.52
387,1168,Bag,4,151.84
388,1169,Shirt,1,260.94
389,1169,Shoes,4,88.94
390,1169,Cap,3,177.98
391,1169,Gloves,1,108.19
392,1170,Gloves,1,267.26
393,1170,Bag,2,88.1
394,1170,Cap,3,186.56
395,1171,Watch,1,279.58
396,1172,Perfume,2,159.8
397,1173,Socks,1,151.14
398,1173,Socks,3,109.29
399,1173,Perfume,3,241.4
400,1174,Shoes,4,254.09
401,1175,Bag,3,289.07
402,1175,Socks,1,85.17
403,1175,Perfume,2,123.86
404,1175,Watch,4,85.47
405,1176,Gloves,2,290.24
406,1176,Shoes,4,11.62
407,1177,Gloves,2,164.35
408,1178,Shirt,2,127.1
409,1178,Bag,3,52.09
410,1178,Shirt,3,87.64
411,1178,Gloves,3,275.62
412,1179,Belt,3,129.31
413,1180,Cap,3,145.84
414,1180,Jacket,3,70.75
415,1181,Watch,4,174.2
416,1181,Gloves,4,82.12
417,1182,Perfume,4,181.93
418,1183,Belt,3,198.35
419,1183,Watch,1,134.16
420,1183,Bag,2,273.48
421,1184,Jacket,4,128.89
422,1184,Belt,1,186.31
423,1185,Watch,4,68.88
424,1186,Perfume,1,145.97
425,1186,Jacket,4,280.86
426,1186,Shirt,2,152.01
427,1186,Socks,2,170.49
428,1187,Perfume,2,161.82
429,1187,Shirt,4,255.06
430,1187,Gloves,1,290.18
431,1188,Bag,1,94.11
432,1188,Bag,2,79.93
433,1189,Cap,3,93.33
434,1189,Shoes,1,21.63
435,1189,Shoes,3,161.25
436,1189,Shoes,4,298.0
437,1190,Shoes,1,96.13
438,1190,Bag,3,260.02
439,1191,Jacket,3,147.52
440,1191,Socks,2,112.81
441,1192,Gloves,3,208.64
442,1192,Watch,2,35.76
443,1192,Belt,3,196.49
444,1193,Shirt,1,232.43
445,1193,Gloves,1,210.47
446,1194,Shoes,4,190.69
447,1194,Gloves,1,266.28
448,1195,Jacket,2,179.75
449,1195,Cap,3,248.03
450,1196,Bag,2,36.71
451,1196,Belt,1,177.49
452,1196,Watch,2,19.28
453,1196,Socks,2,290.58
454,1197,Bag,4,285.68
455,1198,Cap,2,179.96
456,1198,Shirt,4,295.01
457,1198,Shirt,4,158.3
458,1199,Shoes,3,39.97
459,1200,Socks,3,34.11
460,1201,Shirt,3,169.86
461,1201,Perfume,4,253.14
462,1201,Cap,4,224.88
463,1202,Belt,3,260.94
464,1202,Shoes,3,54.86
465,1203,Cap,4,126.2
466,1204,Shoes,2,281.63
467,1204,Cap,3,37.56
468,1205,Jacket,2,44.72
469,1205,Belt,3,244.27
470,1205,Shoes,3,220.55
471,1206,Watch,4,58.59
472,1206,Shoes,3,250.55
473,1207,Gloves,3,137.75
474,1207,Cap,2,98.89
475,1207,Gloves,1,292.51
476,1207,Shoes,4,83.95
477,1208,Shoes,1,52.77
478,1208,Shoes,1,18.72
479,1209,Perfume,3,60.79
480,1209,Gloves,2,194.2
481,1209,Belt,2,39.45
482,1210,Shoes,1,119.52
483,1210,Perfume,2,137.19
484,1210,Jacket,2,276.28
485,1210,Cap,3,222.64
486,1211,Bag,3,63.52
487,1212,Gloves,4,168.63
488,1212,Bag,2,189.73
489,1213,Jacket,4,28.58
490,1213,Perfume,4,250.98
491,1214,Cap,3,80.82
492,1214,Bag,2,233.08
493,1215,Bag,3,297.76
494,1215,Perfume,2,229.75
495,1216,Gloves,1,42.0
496,1216,Socks,2,91.09
497,1217,Belt,3,107.17
498,1218,Shirt,2,104.67
499,1218,Belt,4,297.09
500,1219,Socks,3,210.66
501,1219,Bag,2,82.16
502,1220,Shoes,1,11.42
503,1220,Watch,2,111.79
504,1221,Jacket,3,126.99
505,1221,Cap,3,221.41
506,1221,Gloves,3,134.03
507,1222,Shoes,3,121.34
508,1222,Cap,2,130.8
509,1223,Shirt,1,69.19
510,1224,Shoes,3,203.17
511,1224,Jacket,2,74.46
512,1224,Jacket,2,204.53
513,1224,Socks,1,271.58
514,1225,Shoes,2,118.16
515,1225,Socks,3,113.89
516,1226,Shirt,4,22.42
517,1226,Perfume,2,289.64
518,1226,Jacket,4,144.01
519,1227,Socks,1,86.99
520,1227,Cap,2,297.74
521,1227,Bag,3,226.02
522,1228,Bag,1,145.46
523,1228,Gloves,4,155.08
524,1228,Shoes,2,156.89
525,1229,Gloves,1,115.68
526,1229,Shoes,4,101.47
527,1229,Perfume,3,231.38
528,1229,Perfume,1,151.95
529,1230,Perfume,3,131.07
530,1230,Shoes,3,114.25
531,1230,Gloves,4,227.15
532,1230,Belt,4,12.95
533,1231,Gloves,1,145.93
534,1231,Jacket,2,200.94
535,1231,Gloves,2,188.26
536,1232,Perfume,3,82.21
537,1232,Belt,2,43.33
538,1233,Gloves,2,22.23
539,1233,Cap,3,175.99
540,1234,Gloves,4,204.27
541,1235,Watch,1,98.16
542,1235,Perfume,2,169.93
543,1235,Shoes,1,11.12
544,1236,Jacket,4,232.5
545,1236,Bag,1,137.1
546,1236,Gloves,3,269.76
547,1236,Watch,2,191.52
548,1237,Shoes,3,171.6
549,1238,Watch,3,52.73
550,1238,Bag,1,247.24
551,1238,Belt,2,92.92
552,1238,Watch,1,261.53
553,1239,Cap,1,280.21
554,1240,Watch,3,41.06
555,1241,Jacket,2,29.35
556,1241,Shoes,4,245.63
557,1241,Perfume,2,195.77
558,1241,Jacket,3,228.32
559,1242,Shoes,3,107.86
560,1242,Jacket,2,205.67
561,1242,Socks,2,191.77
562,1243,Socks,3,65.51
563,1244,Belt,1,190.68
564,1245,Cap,4,46.11
565,1246,Gloves,2,54.77
566,1246,Gloves,1,263.85
567,1247,Belt,3,239.62
568,1248,Shoes,2,92.83
569,1248,Watch,4,161.91
570,1248,Cap,2,106.3
571,1248,Watch,2,10.51
572,1249,Belt,2,18.62
573,1249,Jacket,2,249.53
574,1249,Cap,3,87.37
575,1249,Cap,2,247.34
576,1250,Bag,2,268.42
577,1250,Perfume,3,147.1
578,1250,Perfume,3,210.36
579,1251,Socks,4,201.67
580,1251,Watch,3,246.84
581,1251,Shirt,2,278.08
582,1252,Shirt,4,287.71
583,1253,Watch,3,182.46
584,1253,Belt,4,269.46
585,1254,Socks,3,137.3
586,1254,Shoes,2,241.14
587,1254,Gloves,2,28.17
588,1254,Bag,3,176.96
589,1255,Belt,1,18.96
590,1256,Perfume,1,218.66
591,1256,Bag,1,205.63
592,1257,Perfume,1,52.92
593,1257,Bag,3,208.9
594,1258,Socks,3,50.17
595,1258,Bag,4,73.68
596,1259,Socks,4,55.02
597,1260,Belt,4,121.93
598,1260,Cap,4,85.87
599,1261,Cap,4,244.98
600,1262,Socks,1,29.59
601,1262,Jacket,4,277.89
602,1262,Belt,3,137.0
603,1262,Shirt,2,94.61
604,1263,Jacket,1,31.83
605,1263,Shirt,3,262.1
606,1264,Perfume,1,287.14
607,1264,Cap,3,136.89
608,1264,Belt,2,185.65
609,1264,Gloves,4,234.24
610,1265,Watch,1,106.4
611,1265,Perfume,2,254.38
612,1265,Gloves,1,81.93
613,1265,Perfume,4,152.32
614,1266,Shoes,4,244.94
615,1267,Gloves,4,227.66
616,1267,Cap,4,62.15
617,1267,Belt,1,295.64
618,1268,Belt,4,147.81
619,1268,Shoes,1,297.63
620,1269,Jacket,2,156.83
621,1269,Gloves,1,245.25
622,1269,Shirt,1,246.86
623,1270,Bag,1,12.3
624,1270,Belt,1,88.59
625,1271,Cap,1,184.66
626,1271,Perfume,2,80.36
627,1271,Gloves,4,74.27
628,1271,Watch,1,211.33
629,1272,Shirt,1,249.66
630,1273,Shoes,3,126.34
631,1273,Shirt,2,292.4
632,1273,Perfume,1,282.58
633,1273,Watch,2,96.89
634,1274,Cap,4,187.56
635,1274,Jacket,3,81.58
636,1274,Cap,4,90.41
637,1275,Jacket,3,33.01
638,1275,Shoes,4,250.33
639,1276,Watch,3,138.05
640,1276,Gloves,1,154.04
641,1277,Bag,2,85.57
642,1278,Watch,1,244.71
643,1278,Socks,4,287.65
644,1278,Watch,4,219.16
645,1279,Bag,3,10.91
646,1279,Socks,4,170.53
647,1280,Cap,1,168.3
648,1280,Belt,1,195.09
649,1280,Shirt,1,32.37
650,1281,Socks,2,106.15
651,1281,Shirt,2,277.78
652,1281,Shoes,4,116.49
653,1282,Bag,1,264.3
654,1283,Gloves,2,99.49
655,1283,Socks,4,23.43
656,1284,Jacket,2,59.08
657,1284,Bag,1,173.43
658,1284,Shoes,3,44.29
659,1285,Socks,3,182.13
660,1285,Perfume,2,16.54
661,1285,Jacket,1,64.7
662,1285,Socks,1,123.52
663,1286,Belt,3,198.84
664,1286,Jacket,4,27.39
665,1287,Shirt,3,101.66
666,1287,Jacket,1,180.42
667,1288,Perfume,3,211.89
668,1288,Cap,3,162.52
669,1288,Gloves,3,256.26
670,1288,Socks,4,78.39
671,1289,Bag,1,82.8
672,1289,Bag,4,289.07
673,1289,Socks,2,107.55
674,1289,Jacket,3,165.49
675,1290,Watch,1,294.19
676,1290,Shoes,2,66.28
677,1291,Watch,4,86.47
678,1292,Shoes,2,204.95
679,1293,Cap,1,273.56
680,1293,Cap,1,287.19
681,1293,Gloves,3,254.99
682,1294,Watch,4,31.45
683,1294,Perfume,1,114.45
684,1294,Socks,3,106.96
685,1295,Shoes,2,65.35
686,1295,Belt,1,149.6
687,1296,Socks,4,100.99
688,1297,Cap,1,278.74
689,1297,Bag,4,57.43
690,1297,Jacket,2,251.85
691,1298,Watch,1,179.86
692,1298,Belt,2,171.15
693,1299,Perfume,4,177.4
694,1300,Gloves,4,216.46
695,1301,Perfume,1,18.15
696,1301,Belt,2,121.68
697,1301,Shirt,3,210.41
698,1301,Shoes,2,252.97
699,1302,Socks,3,144.43
700,1302,Jacket,1,147.97
701,1302,Shirt,2,19.69
702,1303,Belt,3,28.05
703,1303,Watch,3,278.98
704,1303,Bag,3,243.16
705,1304,Jacket,4,131.18
706,1304,Watch,3,286.58
707,1304,Shoes,1,105.37
708,1305,Belt,4,186.12
709,1306,Cap,4,298.91
710,1306,Gloves,3,289.98
711,1306,Socks,4,174.15
712,1307,Cap,2,240.65
713,1307,Belt,2,231.16
714,1308,Cap,3,225.08
715,1308,Gloves,1,134.64
716,1308,Gloves,3,277.4
717,1308,Watch,4,201.42
718,1309,Bag,1,207.41
719,1310,Cap,3,246.03
720,1310,Shirt,4,269.67
721,1310,Jacket,2,185.72
722,1311,Bag,2,40.64
723,1312,Cap,3,188.03
724,1312,Perfume,3,194.66
725,1313,Bag,1,63.9
726,1313,Shoes,2,266.26
727,1313,Watch,4,288.71
728,1314,Shirt,1,247.66
729,1315,Socks,2,70.06
730,1315,Jacket,3,298.42
731,1316,Jacket,4,185.93
732,1317,Bag,1,272.94
733,1318,Jacket,3,54.09
734,1319,Shoes,2,260.37
735,1319,Belt,3,209.33
736,1319,Cap,2,23.02
737,1320,Perfume,3,283.3
738,1321,Perfume,2,216.2
739,1321,Cap,4,19.27
740,1321,Shirt,1,176.49
741,1322,Belt,3,249.29
742,1322,Shirt,1,282.11
743,1322,Jacket,2,76.78
744,1323,Shoes,2,27.06
745,1323,Socks,2,191.23
746,1323,Socks,2,18.71
747,1324,Shoes,4,262.84
748,1324,Belt,4,254.16
749,1324,Shirt,4,56.27
750,1324,Socks,1,132.99
751,1325,Socks,3,13.52
752,1325,Jacket,2,15.31
753,1325,Shoes,4,118.56
754,1325,Jacket,1,252.62
755,1326,Socks,1,271.31
756,1326,Gloves,2,177.34
757,1326,Shirt,4,247.03
758,1326,Socks,3,100.22
759,1327,Shoes,1,251.7
760,1327,Shoes,4,40.49
761,1327,Jacket,4,255.78
762,1327,Socks,3,132.64
763,1328,Gloves,1,206.86
764,1328,Shoes,2,280.18
765,1328,Watch,3,279.48
766,1329,Jacket,2,199.49
767,1329,Shoes,1,217.88
768,1329,Perfume,3,93.62
769,1329,Jacket,4,68.67
770,1330,Jacket,4,85.85
771,1330,Watch,2,133.51
772,1330,Belt,2,122.42
773,1331,Bag,4,155.33
774,1331,Shoes,1,261.89
775,1332,Belt,4,181.28
776,1332,Shirt,2,221.94
777,1332,Shoes,2,178.64
778,1333,Cap,3,283.35
779,1334,Shirt,3,70.64
780,1335,Perfume,3,41.81
781,1335,Watch,4,203.73
782,1336,Cap,2,24.25
783,1336,Belt,3,277.03
784,1336,Shirt,4,97.46
785,1336,Bag,1,207.85
786,1337,Jacket,1,235.26
787,1337,Belt,3,224.84
788,1338,Belt,1,202.58
789,1338,Shoes,1,169.86
790,1339,Jacket,2,285.7
791,1339,Bag,2,44.32
792,1339,Belt,2,274.58
793,1340,Shoes,2,42.48
794,1340,Watch,2,83.94
795,1340,Watch,3,35.6
796,1341,Belt,3,36.68
797,1341,Cap,4,221.92
798,1342,Gloves,3,269.71
799,1342,Watch,2,267.51
800,1342,Cap,2,90.48
801,1342,Perfume,2,70.47
802,1343,Shoes,2,186.57
803,1344,Jacket,4,269.12
804,1344,Perfume,3,281.85
805,1344,Cap,4,183.97
806,1345,Shirt,2,165.53
807,1345,Perfume,2,143.44
808,1346,Shoes,1,256.85
809,1346,Gloves,4,31.2
810,1346,Jacket,1,202.75
811,1346,Gloves,4,270.99
812,1347,Cap,3,199.4
813,1347,Belt,1,46.2
814,1347,Belt,1,199.75
815,1348,Cap,4,243.81
816,1348,Belt,4,241.49
817,1349,Bag,4,216.22
818,1349,Shoes,1,30.12
819,1350,Gloves,1,111.88
820,1350,Shirt,4,54.89
821,1350,Watch,3,49.89
822,1350,Watch,1,275.93
823,1351,Perfume,4,66.93
824,1351,Gloves,3,151.16
825,1351,Socks,1,52.49
826,1351,Shirt,4,229.2
827,1352,Gloves,1,92.99
828,1352,Cap,1,48.76
829,1352,Belt,2,97.38
830,1353,Socks,1,10.95
831,1353,Shirt,1,29.18
832,1353,Cap,2,247.18
833,1353,Shoes,4,251.43
834,1354,Shoes,3,195.13
835,1354,Watch,3,272.99
836,1355,Shoes,1,72.54
837,1356,Belt,2,275.22
838,1357,Shoes,3,165.54
839,1357,Belt,1,63.34
840,1357,Jacket,4,232.8
841,1357,Shirt,2,89.99
842,1358,Shoes,2,197.84
843,1359,Socks,3,110.98
844,1360,Bag,3,247.0
845,1360,Shirt,4,65.4
846,1361,Gloves,2,205.66
847,1361,Belt,3,170.52
848,1361,Cap,2,52.71
849,1362,Perfume,2,226.53
850,1362,Shoes,3,178.96
851,1362,Shoes,2,244.25
852,1363,Gloves,2,165.78
853,1363,Socks,2,144.15
854,1364,Jacket,1,82.82
855,1364,Socks,3,105.57
856,1364,Jacket,1,109.22
857,1365,Watch,3,217.44
858,1366,Bag,2,185.62
859,1366,Belt,3,268.85
860,1366,Gloves,3,270.83
861,1367,Cap,4,201.92
862,1367,Bag,1,232.35
863,1368,Shirt,1,159.97
864,1368,Cap,1,236.96
865,1369,Shirt,3,33.99
866,1370,Gloves,4,164.46
867,1371,Gloves,3,264.74
868,1372,Gloves,3,83.36
869,1372,Jacket,1,236.17
870,1373,Shirt,1,259.32
871,1373,Bag,1,218.93
872,1373,Shoes,4,278.18
873,1373,Watch,1,23.32
874,1374,Jacket,2,159.51
875,1375,Gloves,3,140.84
876,1375,Perfume,4,63.09
877,1376,Bag,4,225.23
878,1377,Jacket,1,24.18
879,1377,Socks,2,182.3
880,1377,Bag,4,204.65
881,1378,Shirt,3,19.17
882,1378,Shoes,4,19.38
883,1379,Socks,4,129.0
884,1380,Socks,2,205.68
885,1380,Socks,3,162.93
886,1380,Gloves,1,174.34
887,1381,Shirt,2,53.49
888,1381,Bag,3,133.92
889,1382,Shoes,1,96.44
890,1383,Perfume,4,127.95
891,1383,Cap,3,124.56
892,1383,Perfume,1,27.37
893,1384,Gloves,1,94.7
894,1385,Belt,3,17.48
895,1385,Shoes,1,232.75
896,1385,Bag,1,295.41
897,1386,Belt,4,194.22
898,1386,Watch,4,181.27
899,1386,Gloves,2,95.44
900,1387,Gloves,2,35.96
901,1387,Watch,3,94.47
902,1387,Shoes,2,45.59
903,1388,Gloves,2,129.8
904,1389,Perfume,3,14.3
905,1389,Bag,2,56.98
906,1389,Gloves,4,170.57
907,1389,Gloves,1,13.19
908,1390,Socks,3,84.06
909,1390,Shoes,3,149.07
910,1390,Belt,4,28.8
911,1390,Gloves,4,171.86
912,1391,Watch,1,57.31
913,1392,Perfume,3,285.93
914,1392,Bag,1,194.52
915,1392,Gloves,1,85.73
916,1392,Watch,4,181.73
917,1393,Shoes,1,165.84
918,1393,Jacket,2,146.26
919,1393,Gloves,2,37.52
920,1394,Socks,1,173.31
921,1394,Perfume,4,159.42
922,1394,Socks,2,142.17
923,1395,Shoes,2,194.64
924,1396,Perfume,4,149.87
925,1396,Shirt,2,275.48
926,1396,Cap,1,131.11
927,1397,Watch,3,198.96
928,1397,Belt,1,72.43
929,1398,Gloves,2,117.69
930,1399,Shirt,3,46.14
931,1399,Shirt,1,256.27
932,1399,Gloves,1,245.99
933,1400,Perfume,3,127.49
934,1401,Bag,1,128.68
935,1401,Jacket,2,191.84
936,1401,Shoes,2,73.84
937,1401,Bag,3,192.89
938,1402,Socks,3,288.9
939,1402,Watch,2,83.14
940,1403,Socks,1,114.12
941,1403,Socks,4,100.0
942,1403,Shoes,2,289.17
943,1404,Watch,2,268.89
944,1404,Watch,4,101.16
945,1404,Shoes,4,116.83
946,1404,Cap,1,43.15
947,1405,Perfume,2,122.87
948,1405,Socks,3,35.38
949,1406,Bag,4,233.14
950,1407,Shirt,2,219.36
951,1408,Shoes,1,119.26
952,1408,Socks,2,187.03
953,1408,Shirt,4,68.65
954,1408,Jacket,2,270.32
955,1409,Bag,2,288.12
956,1409,Belt,2,28.55
957,1410,Watch,2,220.32
958,1410,Jacket,2,203.73
959,1411,Jacket,3,216.23
960,1411,Bag,2,97.08
961,1412,Jacket,3,251.93
962,1412,Perfume,2,74.74
963,1412,Jacket,1,154.83
964,1413,Shoes,4,206.44
965,1413,Belt,2,94.82
966,1414,Cap,3,77.19
967,1414,Jacket,2,13.94
968,1414,Bag,4,144.74
969,1414,Perfume,3,190.37
970,1415,Watch,3,169.17
971,1415,Belt,2,148.59
972,1415,Cap,2,237.88
973,1415,Socks,2,97.47
974,1416,Shoes,2,86.65
975,1416,Shirt,4,84.62
976,1416,Jacket,4,85.44
977,1416,Gloves,1,285.03
978,1417,Perfume,4,115.88
979,1417,Cap,2,59.06
980,1418,Shirt,3,28.5
981,1418,Perfume,1,66.49
982,1418,Watch,2,288.2
983,1419,Cap,3,86.18
984,1419,Cap,3,171.4
985,1420,Cap,1,182.84
986,1420,Perfume,4,295.18
987,1420,Bag,3,109.42
988,1421,Shirt,1,134.59
989,1422,Socks,2,180.89
990,1422,Cap,2,52.77
991,1422,Gloves,3,103.51
992,1422,Belt,1,283.71
993,1423,Shoes,1,197.3
994,1423,Shirt,4,38.78
995,1423,Gloves,3,290.91
996,1424,Shoes,3,18.72
997,1424,Cap,1,195.22
998,1425,Shirt,2,269.19
999,1425,Gloves,3,97.18
1000,1425,Shoes,2,69.31
1001,1425,Cap,1,221.26
1002,1426,Gloves,3,11.73
1003,1426,Perfume,1,59.88
1004,1426,Shoes,2,174.5
1005,1426,Belt,3,195.46
1006,1427,Jacket,3,222.51
1007,1427,Gloves,2,259.73
1008,1427,Bag,1,41.27
1009,1427,Belt,3,208.82
1010,1428,Bag,3,170.96
1011,1428,Bag,2,157.57
1012,1428,Shoes,1,42.42
1013,1428,Belt,2,156.01
1014,1429,Shoes,2,80.48
1015,1429,Watch,3,222.15
1016,1430,Cap,3,235.33
1017,1430,Jacket,2,139.73
1018,1430,Shoes,4,121.4
1019,1431,Socks,4,43.17
1020,1431,Cap,1,213.2
1021,1431,Cap,4,121.15
1022,1432,Gloves,4,231.57
1023,1432,Jacket,1,272.3
1024,1432,Socks,1,191.91
1025,1432,Watch,3,81.15
1026,1433,Bag,2,150.39
1027,1434,Watch,3,33.31
1028,1434,Jacket,3,29.8
1029,1434,Shirt,4,64.53
1030,1434,Socks,2,247.49
1031,1435,Bag,2,91.52
1032,1436,Cap,2,284.91
1033,1437,Shirt,4,261.6
1034,1437,Jacket,3,96.24
1035,1438,Cap,2,134.05
1036,1438,Belt,2,46.65
1037,1438,Bag,3,167.63
1038,1438,Perfume,4,16.51
1039,1439,Shoes,4,183.84
1040,1440,Bag,2,226.79
1041,1441,Belt,2,82.18
1042,1441,Cap,3,232.13
1043,1441,Gloves,1,230.75
1044,1442,Shirt,4,83.97
1045,1442,Belt,3,54.23
1046,1442,Bag,1,234.36
1047,1442,Cap,4,227.21
1048,1443,Watch,3,189.3
1049,1444,Gloves,2,267.14
1050,1444,Perfume,1,201.78
1051,1444,Perfume,4,215.73
1052,1444,Gloves,1,219.36
1053,1445,Belt,3,145.77
1054,1445,Shirt,4,199.34
1055,1445,Gloves,1,291.88
1056,1446,Shoes,4,277.62
1057,1446,Cap,4,85.11
1058,1446,Socks,3,218.05
1059,1447,Socks,1,127.21
1060,1447,Socks,2,247.66
1061,1447,Socks,3,171.03
1062,1447,Perfume,1,291.26
1063,1448,Watch,2,48.38
1064,1448,Shirt,2,165.51
1065,1448,Socks,2,100.68
1066,1448,Shirt,2,284.44
1067,1449,Shoes,4,128.14
1068,1449,Bag,2,143.56
1069,1450,Cap,4,122.39
1070,1450,Perfume,2,296.14
1071,1451,Watch,4,79.74
1072,1452,Gloves,2,70.4
1073,1452,Socks,3,184.75
1074,1452,Socks,4,86.61
1075,1453,Watch,4,246.56
1076,1454,Belt,2,190.36
1077,1454,Shoes,3,252.14
1078,1454,Socks,4,14.93
1079,1455,Shoes,3,139.56
1080,1455,Shoes,3,85.29
1081,1455,Perfume,1,209.36
1082,1455,Gloves,3,127.0
1083,1456,Bag,2,199.13
1084,1456,Bag,3,48.33
1085,1456,Belt,3,178.31
1086,1457,Perfume,1,92.13
1087,1458,Socks,4,202.48
1088,1458,Cap,1,84.68
1089,1459,Shirt,1,115.83
1090,1460,Shoes,1,124.29
1091,1460,Shoes,1,169.14
1092,1461,Socks,2,236.8
1093,1461,Gloves,2,139.2
1094,1462,Socks,4,81.47
1095,1462,Perfume,3,20.49
1096,1462,Belt,3,274.35
1097,1463,Shoes,4,146.75
1098,1463,Cap,1,12.92
1099,1464,Shirt,1,202.53
1100,1464,Shoes,1,107.22
1101,1465,Belt,1,170.28
1102,1466,Cap,1,168.09
1103,1466,Cap,3,189.45
1104,1467,Watch,2,90.68
1105,1468,Shoes,3,29.42
1106,1468,Shirt,2,117.71
1107,1468,Bag,4,175.66
1108,1468,Watch,4,227.31
1109,1469,Cap,2,222.5
1110,1470,Socks,4,81.29
1111,1470,Jacket,3,243.57
1112,1471,Socks,2,70.48
1113,1471,Perfume,3,35.38
1114,1472,Perfume,4,278.44
1115,1472,Perfume,4,197.15
1116,1472,Shoes,2,106.67
1117,1473,Jacket,4,137.84
1118,1473,Bag,1,184.65
1119,1473,Jacket,3,293.27
1120,1474,Shirt,1,125.23
1121,1474,Shoes,1,283.22
1122,1474,Cap,1,211.6
1123,1475,Watch,4,271.73
1124,1475,Socks,3,276.7
1125,1475,Gloves,3,173.78
1126,1476,Watch,3,105.16
1127,1477,Gloves,1,142.78
1128,1478,Cap,3,171.14
1129,1478,Perfume,4,263.78
1130,1478,Socks,2,88.7
1131,1479,Jacket,3,24.77
1132,1479,Watch,2,270.06
1133,1480,Jacket,4,282.09
1134,1480,Perfume,1,106.33
1135,1481,Gloves,2,280.05
1136,1482,Jacket,1,285.21
1137,1483,Belt,2,18.93
1138,1484,Belt,4,268.47
1139,1484,Jacket,4,82.84
1140,1485,Watch,2,92.95
1141,1485,Belt,2,35.3
1142,1485,Jacket,2,122.13
1143,1485,Socks,3,256.94
1144,1486,Watch,1,88.87
1145,1487,Belt,2,165.39
1146,1487,Cap,3,223.48
1147,1487,Socks,2,130.82
1148,1488,Perfume,4,53.71
1149,1489,Belt,1,267.58
1150,1489,Socks,2,117.34
1151,1489,Shoes,1,189.4
1152,1489,Shoes,3,22.18
1153,1490,Socks,1,265.05
1154,1491,Socks,4,117.31
1155,1492,Bag,2,102.75
1156,1493,Cap,3,134.84
1157,1494,Bag,1,289.51
1158,1494,Cap,1,178.65
1159,1494,Watch,1,101.76
1160,1494,Shirt,2,113.05
1161,1495,Perfume,4,120.12
1162,1495,Watch,1,297.34
1163,1495,Gloves,3,202.61
1164,1496,Watch,3,181.73
1165,1496,Gloves,4,207.86
1166,1497,Watch,4,136.95
1167,1498,Shoes,4,187.92
1168,1498,Cap,2,261.21
1169,1498,Socks,2,296.43
1170,1499,Cap,2,184.65
1171,1499,Watch,4,30.97
1172,1500,Belt,2,223.32
1173,1501,Perfume,4,84.33
1174,1501,Shoes,3,228.63
1175,1502,Socks,1,155.28
1176,1503,Bag,3,202.14
1177,1504,Gloves,2,99.27
1178,1505,Watch,3,71.99
1179,1506,Bag,1,111.03
1180,1506,Shirt,4,200.31
1181,1506,Perfume,1,259.81
1182,1507,Jacket,2,253.68
1183,1507,Bag,3,59.44
1184,1508,Cap,2,132.9
1185,1508,Bag,4,29.13
1186,1508,Gloves,1,55.88
1187,1509,Bag,4,82.04
1188,1510,Bag,1,181.57
1189,1510,Watch,1,278.04
1190,1511,Shirt,3,244.64
1191,1511,Cap,4,297.54
1192,1512,Cap,1,77.19
1193,1513,Socks,2,104.38
1194,1514,Belt,2,223.19
1195,1514,Jacket,3,30.9
1196,1515,Jacket,2,54.91
1197,1515,Perfume,4,138.68
1198,1516,Gloves,3,257.24
1199,1517,Socks,3,114.71
1200,1517,Jacket,4,223.76
1201,1517,Shirt,1,292.39
1202,1517,Perfume,1,232.5
1203,1518,Perfume,2,169.48
1204,1518,Bag,4,21.17
1205,1518,Socks,3,56.36
1206,1518,Watch,2,79.69
1207,1519,Cap,1,161.36
1208,1520,Bag,3,120.11
1209,1520,Belt,4,232.81
1210,1520,Perfume,1,152.37
1211,1520,Watch,3,215.8
1212,1521,Perfume,4,201.95
1213,1521,Shirt,3,33.5
1214,1521,Jacket,2,136.83
1215,1522,Cap,1,47.69
1216,1522,Gloves,1,159.35
1217,1523,Belt,2,292.2
1218,1524,Shirt,3,203.54
1219,1524,Watch,4,216.47
1220,1524,Watch,2,17.54
1221,1525,Bag,4,73.72
1222,1526,Gloves,2,30.66
1223,1526,Perfume,3,17.28
1224,1526,Jacket,1,217.28
1225,1526,Belt,2,144.02
1226,1527,Shoes,1,236.7
1227,1528,Shoes,2,207.85
1228,1528,Perfume,3,256.97
1229,1528,Cap,3,232.66
1230,1529,Cap,2,217.46
1231,1529,Shirt,2,44.83
1232,1529,Perfume,2,220.49
1233,1530,Bag,4,216.68
1234,1530,Jacket,2,30.97
1235,1531,Bag,3,197.99
1236,1531,Bag,1,206.54
1237,1532,Jacket,4,281.61
1238,1532,Shoes,3,60.56
1239,1532,Bag,1,232.24
1240,1533,Perfume,2,135.63
1241,1533,Bag,3,299.5
1242,1534,Bag,3,278.03
1243,1534,Socks,2,248.11
1244,1535,Perfume,2,115.67
1245,1535,Shirt,1,203.31
1246,1536,Shirt,4,14.72
1247,1536,Socks,3,240.48
1248,1536,Belt,2,19.65
1249,1537,Shoes,3,69.0
1250,1537,Shoes,2,138.35
1251,1537,Shoes,3,202.35
1252,1537,Shoes,3,44.33
1253,1538,Perfume,2,24.02
1254,1538,Perfume,1,122.53
1255,1539,Gloves,2,54.99
1256,1539,Belt,1,62.73
1257,1540,Gloves,2,236.42
1258,1540,Perfume,2,286.71
1259,1540,Bag,1,279.54
1260,1541,Watch,2,278.3
1261,1541,Bag,2,60.83
1262,1541,Shirt,3,64.13
1263,1541,Belt,3,97.28
1264,1542,Jacket,2,145.27
1265,1542,Shoes,2,142.23
1266,1542,Gloves,1,28.03
1267,1543,Gloves,1,49.26
1268,1544,Shoes,4,191.61
1269,1544,Jacket,2,26.23
1270,1544,Belt,3,208.53
1271,1544,Jacket,4,101.98
1272,1545,Bag,3,98.85
1273,1545,Bag,3,289.85
1274,1545,Perfume,2,237.06
1275,1545,Gloves,4,124.13
1276,1546,Shoes,2,221.41
1277,1546,Jacket,1,194.5
1278,1546,Socks,2,187.3
1279,1547,Cap,1,287.83
1280,1547,Jacket,2,79.62
1281,1547,Bag,3,140.61
1282,1548,Watch,1,296.87
1283,1548,Perfume,2,196.96
1284,1548,Perfume,3,71.19
1285,1549,Cap,1,206.86
1286,1549,Watch,4,62.49
1287,1550,Shirt,1,194.73
1288,1550,Gloves,2,114.82
1289,1550,Jacket,3,136.88
1290,1550,Socks,1,150.63
1291,1551,Watch,4,133.1
1292,1551,Gloves,1,284.55
1293,1552,Watch,1,64.66
1294,1552,Shoes,4,56.4
1295,1552,Gloves,2,283.67
1296,1552,Belt,3,268.54
1297,1553,Bag,2,85.16
1298,1553,Shirt,4,38.09
1299,1554,Jacket,2,82.06
1300,1555,Shirt,1,45.63
1301,1556,Watch,1,103.35
1302,1556,Cap,4,145.2
1303,1556,Jacket,3,119.61
1304,1556,Shoes,1,232.63
1305,1557,Shoes,4,131.66
1306,1557,Perfume,4,114.27
1307,1558,Watch,2,15.03
1308,1559,Shoes,3,164.91
1309,1560,Perfume,4,10.33
1310,1560,Gloves,3,253.94
1311,1560,Socks,4,158.83
1312,1560,Belt,2,230.97
1313,1561,Cap,4,58.38
1314,1561,Perfume,3,64.9
1315,1562,Perfume,2,128.15
1316,1562,Socks,3,258.13
1317,1563,Perfume,1,255.72
1318,1563,Shirt,4,194.69
1319,1564,Perfume,4,19.74
1320,1564,Bag,3,296.44
1321,1564,Cap,1,204.66
1322,1565,Cap,4,85.61
1323,1565,Belt,4,284.11
1324,1566,Watch,1,191.2
1325,1567,Jacket,2,230.66
1326,1567,Cap,4,184.89
1327,1568,Jacket,4,83.12
1328,1568,Belt,4,245.57
1329,1568,Belt,2,151.97
1330,1568,Shirt,4,166.15
1331,1569,Cap,4,38.1
1332,1569,Shoes,1,209.35
1333,1570,Perfume,2,129.84
1334,1570,Watch,1,90.07
1335,1570,Socks,4,219.94
1336,1571,Belt,1,168.85
1337,1572,Watch,4,39.18
1338,1573,Perfume,4,288.83
1339,1573,Shoes,4,212.89
1340,1573,Watch,2,292.28
1341,1574,Belt,3,204.56
1342,1574,Jacket,3,160.94
1343,1574,Cap,4,65.41
1344,1575,Gloves,4,286.78
1345,1575,Shoes,1,112.33
1346,1575,Gloves,1,51.73
1347,1575,Watch,4,67.78
1348,1576,Watch,4,177.86
1349,1577,Watch,1,103.47
1350,1577,Watch,1,178.24
1351,1578,Bag,2,230.19
1352,1578,Bag,3,35.1
1353,1578,Belt,2,268.87
1354,1579,Cap,3,49.32
1355,1579,Gloves,2,252.03
1356,1579,Gloves,4,254.77
1357,1580,Shirt,2,64.89
1358,1580,Shirt,1,287.7
1359,1581,Belt,2,219.12
1360,1581,Socks,1,285.2
1361,1581,Jacket,1,23.64
1362,1582,Shoes,3,92.54
1363,1582,Bag,1,227.91
1364,1582,Watch,4,158.48
1365,1583,Cap,3,139.82
1366,1584,Shirt,4,145.77
1367,1584,Socks,1,98.69
1368,1584,Watch,4,72.21
1369,1585,Gloves,4,299.0
1370,1585,Socks,4,199.67
1371,1586,Bag,3,121.01
1372,1586,Watch,2,127.56
1373,1586,Jacket,2,63.28
1374,1586,Jacket,1,28.78
1375,1587,Socks,4,208.34
1376,1587,Cap,2,115.6
1377,1587,Bag,2,89.89
1378,1587,Watch,2,298.54
1379,1588,Perfume,2,130.69
1380,1589,Cap,2,187.94
1381,1589,Shirt,3,207.57
1382,1589,Shoes,3,223.77
1383,1589,Bag,4,244.33
1384,1590,Watch,2,58.17
1385,1590,Jacket,1,253.17
1386,1591,Shirt,3,173.79
1387,1591,Shoes,1,202.55
1388,1591,Gloves,2,34.76
1389,1591,Cap,3,186.96
1390,1592,Jacket,4,268.55
1391,1592,Perfume,1,232.7
1392,1592,Belt,1,179.75
1393,1593,Jacket,1,127.44
1394,1594,Watch,3,123.61
1395,1594,Cap,1,274.67
1396,1595,Bag,2,92.43
1397,1596,Perfume,2,153.96
1398,1597,Shirt,4,10.8
1399,1597,Jacket,1,141.08
1400,1597,Shoes,3,34.12
1401,1598,Bag,4,240.29
1402,1598,Bag,3,273.87
1403,1598,Jacket,1,63.32
1404,1598,Belt,3,157.82
1405,1599,Perfume,3,52.06
1406,1599,Bag,3,65.6
1407,1600,Watch,2,82.85
1408,1600,Cap,2,47.81
1409,1601,Gloves,4,169.13
1410,1601,Cap,4,140.37
1411,1601,Shirt,1,95.03
1412,1601,Shoes,3,172.48
1413,1602,Jacket,1,151.66
1414,1602,Watch,4,197.26
1415,1602,Jacket,1,100.98
1416,1602,Cap,4,95.9
1417,1603,Gloves,4,201.49
1418,1603,Belt,2,55.48
1419,1603,Jacket,4,158.15
1420,1603,Watch,2,84.67
1421,1604,Shoes,2,94.28
1422,1604,Shirt,4,89.71
1423,1604,Socks,3,81.72
1424,1605,Jacket,1,189.41
1425,1606,Socks,3,110.06
1426,1606,Cap,3,105.63
1427,1606,Shirt,4,92.05
1428,1607,Belt,1,30.54
1429,1608,Shirt,1,20.22
1430,1608,Shirt,1,142.75
1431,1608,Socks,2,129.83
1432,1608,Shirt,1,76.9
1433,1609,Shirt,3,98.62
1434,1610,Shirt,1,297.5
1435,1611,Socks,2,39.33
1436,1611,Perfume,3,229.09
1437,1612,Bag,4,237.15
1438,1612,Shoes,2,117.11
1439,1612,Bag,4,213.68
1440,1612,Watch,2,71.51
1441,1613,Shoes,2,215.32
1442,1613,Jacket,1,29.51
1443,1613,Cap,2,48.15
1444,1614,Watch,1,38.9
1445,1614,Jacket,3,223.93
1446,1614,Bag,2,71.51
1447,1614,Socks,3,159.04
1448,1615,Shirt,1,93.56
1449,1616,Watch,1,222.02
1450,1616,Watch,2,70.1
1451,1616,Gloves,4,259.13
1452,1616,Jacket,1,203.04
1453,1617,Watch,3,205.29
1454,1617,Perfume,1,121.67
1455,1617,Shoes,1,188.67
1456,1617,Watch,2,66.18
1457,1618,Shoes,2,154.87
1458,1618,Cap,1,290.16
1459,1619,Belt,2,295.12
1460,1619,Shirt,2,207.21
1461,1619,Perfume,2,98.4
1462,1619,Shirt,3,236.41
1463,1620,Bag,4,208.01
1464,1620,Socks,4,28.14
1465,1621,Gloves,4,27.76
1466,1621,Jacket,2,237.04
1467,1622,Bag,4,61.61
1468,1622,Watch,3,278.21
1469,1622,Perfume,2,254.65
1470,1622,Socks,1,122.39
1471,1623,Belt,2,89.38
1472,1623,Watch,3,238.8
1473,1623,Socks,1,126.6
1474,1623,Belt,2,207.83
1475,1624,Shirt,3,42.41
1476,1624,Jacket,1,101.5
1477,1624,Bag,2,131.75
1478,1625,Socks,3,272.98
1479,1626,Gloves,3,196.84
1480,1626,Belt,1,11.46
1481,1626,Bag,3,201.35
1482,1627,Shoes,1,196.38
1483,1627,Bag,2,230.3
1484,1627,Shoes,1,198.45
1485,1627,Belt,4,123.78
1486,1628,Cap,3,139.91
1487,1628,Watch,3,124.75
1488,1628,Watch,1,15.8
1489,1629,Gloves,2,126.19
1490,1629,Belt,3,222.71
1491,1629,Bag,2,216.4
1492,1630,Gloves,3,280.47
1493,1630,Bag,1,93.57
1494,1630,Bag,2,80.97
1495,1631,Watch,2,107.32
1496,1631,Jacket,1,138.44
1497,1631,Bag,4,166.13
1498,1631,Perfume,4,185.6
1499,1632,Socks,1,285.32
1500,1633,Shoes,3,60.17
1501,1633,Socks,3,105.04
1502,1633,Bag,3,31.19
1503,1634,Bag,4,80.94
1504,1634,Shoes,1,264.29
1505,1634,Shoes,2,255.22
1506,1634,Belt,3,184.59
1507,1635,Bag,3,73.58
1508,1635,Bag,4,279.03
1509,1635,Perfume,3,96.02
1510,1635,Perfume,2,274.54
1511,1636,Jacket,1,131.18
1512,1636,Watch,3,85.06
1513,1636,Cap,1,295.7
1514,1637,Cap,2,191.35
1515,1638,Perfume,1,19.44
1516,1638,Jacket,1,111.14
1517,1638,Shoes,4,140.94
1518,1638,Gloves,4,16.8
1519,1639,Cap,3,270.32
1520,1639,Gloves,4,108.26
1521,1640,Gloves,1,148.2
1522,1640,Bag,2,47.82
1523,1640,Bag,3,272.69
1524,1641,Perfume,3,106.34
1525,1641,Watch,1,289.72
1526,1641,Belt,2,273.76
1527,1641,Perfume,3,192.34
1528,1642,Belt,1,197.34
1529,1643,Belt,2,177.34
1530,1644,Cap,3,45.68
1531,1645,Cap,4,132.32
1532,1645,Watch,1,11.64
1533,1645,Socks,4,228.86
1534,1646,Gloves,3,293.76
1535,1647,Gloves,1,135.72
1536,1647,Shirt,4,209.59
1537,1648,Cap,2,141.42
1538,1649,Watch,3,38.28
1539,1650,Watch,4,95.73
1540,1651,Gloves,4,192.34
1541,1651,Jacket,3,100.6
1542,1651,Socks,2,251.04
1543,1652,Jacket,1,232.17
1544,1652,Gloves,3,262.56
1545,1652,Bag,3,220.86
1546,1653,Bag,3,23.86
1547,1653,Shoes,1,129.62
1548,1653,Socks,1,89.2
1549,1653,Watch,1,89.74
1550,1654,Shoes,2,209.14
1551,1654,Belt,3,18.62
1552,1654,Gloves,2,37.11
1553,1654,Bag,1,195.46
1554,1655,Socks,3,61.18
1555,1655,Watch,2,252.18
1556,1655,Jacket,3,286.22
1557,1655,Socks,1,276.31
1558,1656,Socks,3,250.36
1559,1657,Cap,3,168.3
1560,1657,Gloves,1,299.06
1561,1657,Belt,3,213.42
1562,1658,Gloves,3,116.68
1563,1658,Watch,3,257.45
1564,1659,Socks,2,187.29
1565,1659,Belt,2,39.55
1566,1659,Belt,4,41.82
1567,1660,Watch,1,147.23
1568,1661,Watch,4,163.27
1569,1661,Watch,1,35.52
1570,1662,Perfume,3,285.04
1571,1662,Perfume,3,182.08
1572,1662,Gloves,1,15.13
1573,1663,Socks,1,289.38
1574,1663,Shirt,1,268.12
1575,1663,Perfume,3,245.77
1576,1663,Socks,3,228.47
1577,1664,Belt,3,140.39
1578,1664,Jacket,3,52.83
1579,1664,Perfume,4,27.71
1580,1665,Gloves,3,45.86
1581,1665,Socks,3,26.9
1582,1666,Perfume,1,61.95
1583,1667,Gloves,3,288.75
1584,1668,Watch,2,29.35
1585,1668,Perfume,1,162.8
1586,1668,Bag,4,26.07
1587,1668,Perfume,4,292.06
1588,1669,Jacket,4,158.8
1589,1669,Gloves,1,43.38
1590,1669,Shirt,1,105.3
1591,1670,Socks,1,247.97
1592,1670,Shoes,1,224.05
1593,1670,Shoes,1,189.34
1594,1671,Socks,3,289.58
1595,1671,Socks,2,124.79
1596,1671,Socks,3,12.1
1597,1672,Socks,4,72.41
1598,1672,Watch,4,152.25
1599,1672,Socks,2,278.93
1600,1673,Jacket,3,22.18
1601,1673,Socks,2,43.97
1602,1673,Shirt,1,11.02
1603,1674,Cap,2,208.15
1604,1674,Jacket,3,80.58
1605,1674,Watch,4,270.65
1606,1674,Socks,1,245.56
1607,1675,Gloves,3,291.0
1608,1675,Socks,1,178.63
1609,1675,Belt,3,299.4
1610,1675,Perfume,2,50.37
1611,1676,Belt,2,133.09
1612,1676,Bag,3,162.73
1613,1677,Shoes,2,98.84
1614,1677,Shirt,1,278.73
1615,1678,Bag,3,153.41
1616,1678,Cap,4,132.41
1617,1678,Bag,4,31.07
1618,1678,Cap,3,139.21
1619,1679,Jacket,3,294.2
1620,1679,Shoes,1,143.13
1621,1679,Shirt,4,251.41
1622,1679,Belt,3,138.27
1623,1680,Shirt,1,139.39
1624,1680,Watch,1,286.08
1625,1680,Shoes,2,30.49
1626,1680,Shoes,2,39.35
1627,1681,Shoes,2,216.72
1628,1682,Socks,4,37.71
1629,1682,Socks,4,257.57
1630,1683,Cap,3,113.81
1631,1683,Shirt,3,63.82
1632,1684,Watch,1,269.05
1633,1684,Watch,3,59.16
1634,1685,Shirt,3,28.64
1635,1685,Cap,1,270.33
1636,1685,Shoes,4,106.32
1637,1685,Belt,3,183.78
1638,1686,Socks,4,71.19
1639,1686,Shoes,3,153.74
1640,1687,Perfume,4,64.53
1641,1687,Shirt,1,135.91
1642,1687,Belt,4,92.07
1643,1687,Cap,4,220.45
1644,1688,Watch,2,208.7
1645,1689,Cap,1,39.28
1646,1690,Socks,4,80.12
1647,1691,Socks,3,217.76
1648,1691,Shoes,2,96.58
1649,1692,Watch,3,250.83
1650,1692,Watch,1,75.31
1651,1692,Socks,1,216.7
1652,1693,Gloves,3,116.97
1653,1694,Gloves,1,134.44
1654,1694,Shoes,1,24.59
1655,1694,Watch,3,193.67
1656,1694,Shirt,3,154.88
1657,1695,Gloves,3,98.38
1658,1695,Gloves,4,66.21
1659,1696,Jacket,1,106.1
1660,1697,Shirt,3,231.54
1661,1697,Shoes,4,69.55
1662,1697,Bag,1,38.32
1663,1697,Cap,2,39.62
1664,1698,Perfume,1,226.71
1665,1698,Perfume,3,179.3
1666,1698,Shirt,3,263.11
1667,1698,Bag,2,133.66
1668,1699,Jacket,2,14.43
1669,1700,Shirt,1,258.06
1670,1700,Belt,4,161.15
1671,1701,Perfume,1,79.99
1672,1702,Socks,1,155.42
1673,1702,Shirt,3,87.77
1674,1703,Shoes,3,155.97
1675,1704,Jacket,1,222.44
1676,1704,Jacket,2,33.83
1677,1705,Jacket,3,159.81
1678,1705,Shirt,3,280.26
1679,1705,Socks,1,157.11
1680,1705,Socks,1,203.92
1681,1706,Gloves,2,105.33
1682,1706,Socks,1,291.58
1683,1707,Perfume,1,241.61
1684,1707,Belt,2,222.74
1685,1707,Bag,2,255.67
1686,1708,Belt,3,116.58
1687,1709,Bag,3,138.54
1688,1709,Cap,2,259.44
1689,1709,Jacket,2,84.61
1690,1710,Perfume,1,68.48
1691,1710,Watch,3,218.31
1692,1710,Watch,4,176.04
1693,1710,Shoes,3,266.78
1694,1711,Shoes,1,64.54
1695,1711,Socks,4,210.85
1696,1711,Belt,3,133.0
1697,1711,Belt,4,34.81
1698,1712,Belt,1,118.33
1699,1712,Shirt,2,251.5
1700,1713,Perfume,1,136.24
1701,1713,Perfume,4,65.86
1702,1713,Socks,1,23.01
1703,1713,Cap,1,19.29
1704,1714,Gloves,3,126.19
1705,1714,Gloves,3,78.14
1706,1714,Watch,3,172.97
1707,1715,Bag,4,16.23
1708,1715,Gloves,3,236.5
1709,1715,Belt,1,271.28
1710,1715,Jacket,4,104.16
1711,1716,Shirt,1,287.66
1712,1716,Shoes,4,63.89
1713,1716,Shoes,1,99.28
1714,1717,Watch,4,283.95
1715,1717,Watch,1,62.32
1716,1718,Gloves,3,101.89
1717,1718,Gloves,3,41.04
1718,1719,Watch,2,21.38
1719,1719,Bag,1,278.42
1720,1719,Belt,2,251.87
1721,1720,Jacket,2,64.67
1722,1720,Shoes,3,211.0
1723,1720,Shirt,1,265.38
1724,1720,Belt,4,79.83
1725,1721,Bag,1,226.87
1726,1721,Jacket,4,81.33
1727,1721,Shirt,3,109.32
1728,1722,Belt,1,13.67
1729,1722,Gloves,3,276.93
1730,1723,Shirt,3,148.01
1731,1723,Bag,2,223.74
1732,1723,Watch,4,270.66
1733,1724,Gloves,2,99.4
1734,1724,Jacket,4,180.14
1735,1724,Shoes,4,123.34
1736,1724,Jacket,3,165.49
1737,1725,Belt,1,270.56
1738,1725,Gloves,3,61.44
1739,1725,Socks,2,178.61
1740,1725,Gloves,1,84.22
1741,1726,Bag,4,63.39
1742,1726,Shirt,1,35.6
1743,1726,Watch,1,92.73
1744,1727,Belt,2,78.33
1745,1727,Gloves,2,101.77
1746,1727,Shirt,4,243.79
1747,1727,Belt,4,248.33
1748,1728,Shirt,4,163.24
1749,1728,Watch,3,112.68
1750,1729,Perfume,2,19.85
1751,1729,Gloves,4,265.0
1752,1729,Perfume,2,41.48
1753,1729,Bag,4,208.77
1754,1730,Shirt,1,77.69
1755,1730,Cap,3,18.05
1756,1730,Belt,2,81.55
1757,1731,Cap,2,256.07
1758,1731,Shoes,2,165.42
1759,1731,Perfume,2,209.21
1760,1731,Jacket,2,46.15
1761,1732,Socks,2,203.48
1762,1732,Shirt,2,19.31
1763,1732,Socks,1,41.2
1764,1732,Shoes,4,138.17
1765,1733,Gloves,3,186.02
1766,1733,Jacket,2,29.57
1767,1733,Socks,1,92.08
1768,1734,Gloves,1,102.99
1769,1734,Shoes,2,200.55
1770,1734,Watch,1,103.17
1771,1735,Cap,3,178.0
1772,1735,Socks,3,138.3
1773,1735,Belt,2,178.55
1774,1736,Socks,4,175.2
1775,1736,Shirt,4,221.06
1776,1736,Socks,3,145.42
1777,1736,Bag,3,288.92
1778,1737,Perfume,4,92.08
1779,1737,Shirt,4,57.17
1780,1737,Bag,2,214.34
1781,1737,Watch,3,88.69
1782,1738,Cap,1,257.85
1783,1738,Cap,1,181.76
1784,1739,Shoes,3,167.37
1785,1739,Watch,4,137.13
1786,1740,Watch,1,192.32
1787,1740,Perfume,4,18.71
1788,1740,Jacket,2,200.07
1789,1741,Cap,4,241.03
1790,1742,Perfume,2,21.43
1791,1742,Watch,2,59.04
1792,1742,Bag,1,124.69
1793,1742,Shirt,2,10.81
1794,1743,Socks,3,124.8
1795,1743,Shirt,2,113.63
1796,1743,Watch,3,213.93
1797,1744,Shoes,2,139.12
1798,1744,Belt,3,73.14
1799,1744,Jacket,3,119.61
1800,1744,Shirt,1,206.99
1801,1745,Watch,3,76.0
1802,1745,Belt,1,86.3
1803,1746,Gloves,4,112.99
1804,1746,Jacket,3,31.41
1805,1747,Shirt,4,106.29
1806,1747,Watch,1,81.48
1807,1747,Watch,2,223.98
1808,1747,Jacket,4,152.09
1809,1748,Perfume,2,66.41
1810,1748,Gloves,4,47.29
1811,1749,Bag,2,29.68
1812,1749,Cap,3,121.64
1813,1750,Gloves,1,53.3
1814,1750,Bag,1,194.47
1815,1750,Jacket,4,84.18
1816,1751,Gloves,1,286.09
1817,1751,Bag,3,295.61
1818,1752,Cap,4,81.68
1819,1752,Socks,4,10.3
1820,1752,Jacket,2,265.72
1821,1752,Jacket,4,244.87
1822,1753,Belt,2,194.77
1823,1753,Watch,3,116.36
1824,1753,Cap,2,262.39
1825,1753,Watch,1,229.35
1826,1754,Belt,1,200.27
1827,1754,Jacket,3,99.9
1828,1755,Bag,2,128.15
1829,1755,Jacket,2,113.08
1830,1755,Shirt,3,72.08
1831,1755,Belt,4,142.94
1832,1756,Gloves,2,202.5
1833,1756,Shirt,1,186.65
1834,1757,Perfume,4,190.78
1835,1757,Belt,2,147.0
1836,1757,Bag,4,210.4
1837,1757,Shoes,4,77.74
1838,1758,Gloves,3,273.12
1839,1758,Shoes,4,77.46
1840,1758,Gloves,3,106.38
1841,1758,Shoes,1,186.54
1842,1759,Perfume,1,58.89
1843,1759,Gloves,1,140.01
1844,1759,Gloves,2,260.32
1845,1759,Shoes,3,81.36
1846,1760,Perfume,2,25.1
1847,1760,Shoes,1,146.24
1848,1760,Gloves,3,212.83
1849,1760,Watch,2,135.94
1850,1761,Shirt,2,106.92
1851,1761,Shoes,3,145.46
1852,1762,Socks,1,134.86
1853,1762,Belt,1,266.47
1854,1762,Watch,3,47.16
1855,1763,Cap,1,216.6
1856,1763,Belt,1,196.24
1857,1763,Shoes,4,283.75
1858,1764,Gloves,1,148.44
1859,1765,Belt,1,86.55
1860,1765,Gloves,1,255.34
1861,1765,Belt,4,211.45
1862,1765,Watch,4,299.04
1863,1766,Belt,2,145.07
1864,1766,Perfume,4,160.09
1865,1766,Shoes,4,20.41
1866,1767,Jacket,2,61.15
1867,1767,Belt,1,296.96
1868,1767,Watch,1,209.7
1869,1767,Socks,2,40.99
1870,1768,Jacket,4,99.5
1871,1769,Shirt,1,209.88
1872,1769,Shoes,2,214.46
1873,1769,Bag,4,242.52
1874,1769,Jacket,4,292.69
1875,1770,Gloves,2,78.29
1876,1771,Cap,2,128.29
1877,1772,Perfume,2,79.71
1878,1772,Shoes,4,47.85
1879,1773,Perfume,4,68.47
1880,1774,Cap,3,82.93
1881,1775,Gloves,3,269.78
1882,1775,Cap,3,121.94
1883,1776,Perfume,4,63.97
1884,1776,Socks,1,99.96
1885,1776,Socks,3,124.99
1886,1776,Bag,3,88.22
1887,1777,Perfume,4,216.51
1888,1777,Cap,1,287.06
1889,1777,Perfume,4,276.45
1890,1778,Gloves,1,135.19
1891,1778,Perfume,1,128.31
1892,1778,Watch,3,272.53
1893,1779,Gloves,2,138.63
1894,1780,Gloves,1,17.84
1895,1780,Gloves,3,137.81
1896,1780,Jacket,3,179.88
1897,1780,Socks,1,55.6
1898,1781,Watch,4,48.26
1899,1781,Shirt,4,75.13
1900,1781,Watch,1,17.24
1901,1782,Gloves,2,165.87
1902,1783,Perfume,4,266.45
1903,1783,Socks,1,251.3
1904,1784,Socks,4,239.83
1905,1784,Shirt,3,90.75
1906,1785,Bag,1,253.8
1907,1785,Jacket,4,209.01
1908,1786,Jacket,4,52.84
1909,1786,Gloves,1,75.49
1910,1786,Jacket,2,108.36
1911,1786,Gloves,4,156.65
1912,1787,Socks,3,268.8
1913,1788,Shirt,4,270.08
1914,1788,Watch,1,149.15
1915,1789,Belt,3,236.72
1916,1789,Shoes,1,203.64
1917,1789,Shirt,4,165.41
1918,1790,Perfume,2,217.55
1919,1791,Cap,3,194.12
1920,1791,Jacket,4,132.27
1921,1792,Gloves,4,161.43
1922,1792,Bag,3,139.07
1923,1792,Belt,2,204.63
1924,1793,Perfume,3,58.58
1925,1793,Jacket,1,225.66
1926,1793,Gloves,4,144.03
1927,1794,Belt,3,237.83
1928,1795,Bag,2,200.35
1929,1796,Cap,4,41.27
1930,1797,Perfume,2,276.31
1931,1798,Socks,2,59.97
1932,1798,Watch,1,282.36
1933,1799,Perfume,1,214.72
1934,1799,Cap,4,250.87
1935,1799,Watch,3,110.32
1936,1800,Bag,4,155.5
1937,1800,Gloves,4,258.47
1938,1800,Watch,4,279.17
